#{"t_start": 1781077617.2064164, "env_id": "None"}
r,l,t
-27.7,50,13.047744
-30.0,50,13.087203
-26.6,50,13.118343
-25.6,50,13.147627
-21.6,50,13.170756
-23.7,50,13.201586
-32.6,50,13.225341
-29.0,50,13.256049
-27.3,50,13.283256
-26.8,50,13.303184
-26.9,50,14.80401
-24.9,50,14.83213
-16.7,50,14.864457
-22.1,50,14.896931
-11.6,50,14.925046
-17.3,50,14.965953
-25.8,50,14.999151
-13.3,50,15.027264
-29.8,50,15.049815
-29.4,50,15.077307
-19.4,50,15.382636
-28.5,50,15.414178
-14.4,50,15.456071
-28.1,50,15.499722
-26.4,50,15.537233
-31.6,50,15.570294
-29.6,50,15.593995
-19.9,50,15.624213
-27.2,50,15.654215
-13.3,50,15.677183
-29.8,50,15.998359
-30.3,50,16.030578
-22.8,50,16.065738
-26.5,50,16.092787
-20.2,50,16.129079
-25.0,50,16.161682
-26.7,50,16.194011
-27.4,50,16.215649
-19.0,50,16.246922
-25.7,50,16.276928
-26.9,50,16.594648
-24.1,50,16.628387
-27.7,50,16.661388
-28.8,50,16.693644
-25.8,50,16.717184
-26.8,50,16.74877
-30.3,50,16.77934
-25.6,50,16.804384
-26.2,50,16.833736
-25.3,50,16.866012
-24.5,50,16.88886
-27.0,50,17.211025
-25.8,50,17.25592
-24.7,50,17.295358
-25.1,50,17.33844
-28.2,50,17.369002
-25.3,50,17.403026
-26.5,50,17.432654
-23.0,50,17.461265
-20.0,50,17.498281
-25.5,50,17.538789
-25.5,50,17.868514
-31.0,50,17.901344
-25.9,50,17.955741
-22.1,50,18.031591
-23.1,50,18.065656
-24.0,50,18.091289
-20.6,50,18.124368
-15.5,50,18.15496
-24.8,50,18.183134
-2.1,50,18.214427
-24.4,50,18.562215
-22.3,50,18.593405
-27.2,50,18.630004
-20.7,50,18.679225
-26.6,50,18.762257
-24.5,50,18.843604
-23.1,50,18.915646
-26.6,50,19.031471
-24.0,50,19.064092
-16.9,50,19.110302
-30.8,50,19.789633
-26.7,50,19.837305
-29.0,50,19.886428
-27.7,50,20.204024
-24.4,50,20.365843
-25.5,50,20.491747
-14.4,50,20.543154
-33.4,50,20.57458
-24.0,50,20.599305
-28.7,50,20.650278
-25.8,50,20.870889
-18.5,50,22.204945
-23.8,50,22.245578
-22.4,50,22.297171
-23.3,50,22.378906
-29.3,50,22.463203
-24.1,50,22.655591
-14.8,50,22.705883
-23.9,50,22.763389
-20.5,50,22.837462
-20.3,50,22.908295
-21.3,50,23.495921
-24.5,50,23.526046
-30.1,50,23.555176
-26.3,50,23.589362
-22.1,50,23.620361
-24.1,50,23.653631
-25.0,50,23.679617
-26.5,50,23.712253
-31.8,50,23.74459
-16.9,50,23.773763
-23.7,50,24.127553
-23.2,50,24.162665
-26.2,50,24.195981
-26.0,50,24.224559
-22.3,50,24.255054
-23.9,50,24.285808
-26.6,50,24.323314
-20.3,50,24.345994
-24.9,50,24.37736
-23.9,50,24.410064
-20.9,50,24.744536
-28.3,50,24.779528
-22.2,50,24.818115
-18.8,50,24.843661
-21.3,50,24.876216
-21.5,50,24.910999
-5.8,50,24.943535
-23.3,50,24.969112
-27.4,50,24.99984
-22.1,50,25.028418
-25.0,50,25.051959
-21.1,50,25.404795
-25.2,50,25.432416
-18.3,50,25.473213
-21.3,50,25.503296
-21.5,50,25.535995
-21.1,50,25.570532
-18.4,50,25.5998
-20.7,50,25.628024
-24.9,50,25.6581
-27.5,50,25.681923
-21.3,50,26.022635
-26.1,50,26.04836
-20.5,50,26.082908
-22.9,50,26.11494
-22.5,50,26.147211
-24.5,50,26.174016
-23.6,50,26.207412
-19.3,50,26.236296
-25.8,50,26.259297
-21.1,50,26.288401
-26.7,50,26.628553
-24.1,50,26.661201
-21.0,50,26.694828
-28.4,50,26.720663
-23.3,50,26.754431
20.7,50,26.788457
-15.6,50,26.826024
-26.1,50,26.855667
-25.4,50,26.878985
-24.9,50,26.908065
-22.9,50,27.23439
-26.0,50,27.261446
-29.4,50,27.291252
-20.6,50,27.322526
-25.5,50,27.359112
-28.2,50,27.38754
-14.3,50,27.418112
-27.8,50,27.451905
-28.6,50,27.486086
-23.1,50,27.513712
-23.0,50,27.552258
-26.1,50,27.921803
-20.6,50,27.985046
-27.5,50,28.030217
-22.2,50,28.059316
-23.9,50,28.089723
-13.2,50,28.12739
-21.8,50,28.156984
-25.3,50,28.179425
-20.1,50,28.209775
-24.6,50,28.242777
-19.9,50,28.564473
-24.4,50,28.594324
-12.8,50,28.630055
-20.1,50,28.662196
-7.1,50,28.693382
-23.3,50,28.720472
-23.4,50,28.751506
-22.4,50,28.77919
-17.2,50,28.803798
-23.0,50,28.834884
-22.3,50,29.163859
-23.7,50,29.195009
-19.5,50,29.224577
-24.9,50,29.254027
-24.5,50,29.288042
-21.6,50,29.331353
-24.1,50,29.373939
-11.7,50,29.410428
-24.4,50,29.440492
-21.4,50,29.463572
-26.2,50,29.779499
-21.7,50,29.815674
-20.6,50,29.841738
-26.9,50,29.876297
-8.6,50,29.90967
-21.0,50,29.966961
-20.2,50,30.036161
-20.3,50,30.119992
-26.4,50,30.165267
-21.6,50,30.245415
-21.8,50,30.277055
-11.9,50,30.611084
-24.8,50,30.635629
-25.7,50,30.675227
-26.2,50,30.721958
-25.6,50,30.836021
-20.4,50,30.886986
-17.8,50,30.988991
-25.7,50,31.02374
-23.1,50,31.066144
-26.7,50,31.095483
-19.2,50,31.447923
-20.4,50,31.479817
-27.9,50,31.595889
-24.7,50,31.636978
-23.7,50,31.66559
-30.2,50,31.697415
-21.4,50,31.721804
-23.6,50,31.750978
-23.0,50,31.780224
-16.8,50,31.812933
-23.9,50,32.205537
-0.9,50,32.245297
-22.4,50,32.337579
-21.2,50,32.385584
-19.4,50,32.439753
-2.3,50,32.479961
-21.4,50,32.511822
-20.1,50,32.54818
-26.8,50,32.584428
-22.4,50,32.622166
-19.8,50,32.940679
-11.8,50,32.968774
-22.3,50,33.005584
-23.2,50,33.040368
-21.9,50,33.076068
-21.2,50,33.107748
-17.7,50,33.133147
-14.7,50,33.167927
-20.2,50,33.20533
-20.7,50,33.234558
-22.3,50,33.260314
-25.0,50,33.626291
-5.9,50,33.660734
-17.1,50,33.690327
-21.8,50,33.717216
-24.3,50,33.748296
-19.6,50,33.779273
-21.2,50,33.805342
-20.4,50,33.833957
-21.9,50,33.862571
-17.1,50,33.88469
-19.9,50,34.185511
-22.8,50,34.212214
-20.5,50,34.243327
-19.5,50,34.273873
-16.5,50,34.299936
-25.0,50,34.332461
-24.3,50,34.371136
-20.4,50,34.416965
-20.8,50,34.457196
-21.8,50,34.494622
-18.6,50,34.884135
-21.6,50,34.920104
-25.3,50,34.988058
8.2,50,35.015936
-20.8,50,35.043213
-10.2,50,35.077313
-16.7,50,35.110882
-23.8,50,35.135072
-21.7,50,35.164986
-27.2,50,35.209402
-23.0,50,35.563706
-15.0,50,35.591008
-17.7,50,35.625989
-22.3,50,35.665751
-20.3,50,35.699292
-17.4,50,35.731519
-4.7,50,35.758361
-17.6,50,35.790459
-15.0,50,35.824751
-19.5,50,35.85512
-21.4,50,36.1826
-21.4,50,36.232993
-13.4,50,36.272172
-19.0,50,36.301183
-18.0,50,36.333448
-16.7,50,36.365094
-15.7,50,36.396292
-18.8,50,36.424746
-15.3,50,36.454869
-15.5,50,36.484743
-14.9,50,36.511857
-18.5,50,36.867915
-15.8,50,36.90539
-15.0,50,36.930932
6.1,50,36.962165
-16.1,50,36.992793
-14.4,50,37.022935
-15.0,50,37.045581
-15.7,50,37.078415
-14.7,50,37.105644
-23.0,50,37.130663
-19.1,50,37.578511
-20.6,50,37.611113
-15.0,50,37.637699
-23.2,50,37.673746
-15.6,50,37.707857
-22.6,50,37.740719
-18.0,50,37.772027
-14.8,50,37.794921
-13.5,50,37.825846
-13.0,50,37.849057
-16.3,50,38.241226
-15.2,50,38.273285
-4.7,50,38.299349
-19.0,50,38.329916
-14.6,50,38.361472
8.0,50,38.400736
-15.8,50,38.438011
-16.8,50,38.461346
-16.1,50,38.490837
-15.8,50,38.512769
-16.0,50,38.821075
-15.0,50,38.851171
-18.1,50,38.879714
-15.7,50,38.911585
-21.6,50,38.945702
-15.5,50,38.971913
-18.1,50,39.002043
-14.4,50,39.031915
-18.3,50,39.054466
-15.2,50,39.082706
-17.1,50,39.120785
-16.4,50,39.53066
-14.9,50,39.559344
-17.1,50,39.607625
-14.0,50,39.633823
-14.7,50,39.668428
-16.6,50,39.711486
-14.1,50,39.744205
-15.3,50,39.780607
-15.9,50,39.81574
-15.1,50,39.839373
-16.4,50,40.523801
-13.5,50,40.570257
-14.4,50,40.610549
-13.5,50,40.63687
-13.8,50,40.678532
-13.5,50,40.780214
-12.9,50,40.863182
-19.5,50,40.995259
-14.1,50,41.149583
-19.0,50,41.195879
-16.7,50,41.613044
-9.8,50,41.650888
-16.8,50,41.688949
-13.7,50,41.717485
-19.9,50,41.752741
-18.9,50,41.787508
-16.3,50,41.826798
-13.5,50,41.85867
-13.5,50,41.885268
-15.4,50,41.918911
-11.1,50,42.237924
-16.9,50,42.271128
-16.3,50,42.297754
-13.5,50,42.331497
-15.2,50,42.364778
-12.9,50,42.414304
-12.8,50,42.481715
-16.9,50,42.510403
-18.5,50,42.548025
-19.3,50,42.583565
-17.9,50,42.619652
-20.6,50,43.007665
-18.6,50,43.042516
-14.1,50,43.074323
-12.7,50,43.109294
-13.5,50,43.135395
-14.4,50,43.170241
-13.5,50,43.20095
-13.5,50,43.228884
-14.1,50,43.252473
-16.1,50,43.284467
-13.9,50,43.592288
-13.5,50,43.627584
-18.1,50,43.657156
-12.3,50,43.688324
-17.9,50,43.715338
-15.4,50,43.75341
-19.0,50,43.787326
-16.6,50,43.819343
-14.1,50,43.841762
-19.1,50,43.872047
-18.8,50,44.205136
-13.4,50,44.234516
-12.7,50,44.260784
-14.0,50,44.293143
-12.6,50,44.324699
-14.6,50,44.355294
-17.3,50,44.38145
-5.0,50,44.417138
-14.1,50,44.449378
-14.1,50,44.470899
-14.6,50,44.791418
-13.8,50,44.823977
-12.8,50,44.854668
-14.0,50,44.880105
-3.4,50,44.913256
-14.1,50,44.944827
-13.4,50,44.979101
-12.6,50,45.003076
-14.6,50,45.03375
-14.3,50,45.055791
-16.8,50,45.084359
-10.0,50,45.714039
-16.0,50,45.759229
-12.7,50,45.801714
-12.9,50,45.843795
-13.1,50,45.878391
-13.2,50,45.907954
-13.8,50,45.952575
-12.9,50,45.998175
-14.1,50,46.038287
-16.5,50,46.068968
-13.4,50,46.407069
-11.7,50,46.438653
-13.8,50,46.482973
-13.8,50,46.510524
-15.1,50,46.545206
-14.8,50,46.588102
-14.1,50,46.641427
-13.8,50,46.681906
-11.3,50,46.718928
-13.8,50,46.763572
-11.4,50,47.21701
-12.8,50,47.259931
-13.2,50,47.300744
-9.8,50,47.342318
-15.8,50,47.380515
-13.5,50,47.421243
-14.0,50,47.453971
-10.6,50,47.485539
-12.9,50,47.51035
-14.3,50,47.542016
-11.4,50,47.875307
-9.6,50,47.908422
-15.5,50,47.940074
-12.0,50,47.967165
-8.3,50,48.004398
-12.2,50,48.036984
-12.6,50,48.068172
-14.3,50,48.090186
-10.7,50,48.120782
-14.7,50,48.150214
-12.0,50,48.175113
-9.6,50,48.492262
-12.3,50,48.520826
-8.7,50,48.551156
-12.7,50,48.582265
-13.1,50,48.612907
-13.8,50,48.639487
-13.7,50,48.667739
-13.5,50,48.700307
-13.7,50,48.727344
-13.5,50,48.760544
-10.0,50,49.205676
-12.6,50,49.23778
-11.1,50,49.263423
-14.1,50,49.295088
-3.3,50,49.332187
-12.9,50,49.369552
5.1,50,49.404294
-8.3,50,49.469539
-11.9,50,49.508657
-12.6,50,49.53528
-13.1,50,49.86917
-14.7,50,49.903658
-12.1,50,49.947037
-10.3,50,50.00251
-11.3,50,50.053654
1.5,50,50.117625
-12.0,50,50.161967
-10.2,50,50.240896
-12.9,50,50.27025
-10.5,50,50.307394
-13.9,50,50.671775
-12.3,50,50.734647
-6.8,50,50.860446
-12.0,50,50.921231
-12.3,50,51.004701
-7.8,50,51.035114
-11.4,50,51.065231
-11.7,50,51.087996
-10.2,50,51.117564
-12.9,50,51.145398
-13.2,50,51.174763
-11.4,50,51.521374
-11.8,50,51.549191
-9.1,50,51.582014
-7.4,50,51.614747
-13.4,50,51.646883
-13.2,50,51.673467
-5.2,50,51.704875
-11.0,50,51.733748
-11.1,50,51.760953
-12.0,50,51.79576
-12.3,50,52.208542
20.0,50,52.259417
-8.5,50,52.318028
-12.3,50,52.358092
-13.8,50,52.398201
-7.4,50,52.423434
-8.5,50,52.465336
-12.4,50,52.509764
-12.6,50,52.547213
0.3,50,52.584699
-2.1,50,53.036203
-11.3,50,53.070688
-13.8,50,53.104448
-10.7,50,53.150047
-12.6,50,53.189033
-14.7,50,53.213117
-9.7,50,53.244885
-12.0,50,53.274558
-13.2,50,53.29832
-13.5,50,53.328919
-14.1,50,53.668698
-12.6,50,53.700608
-13.1,50,53.732189
-12.6,50,53.758478
9.7,50,53.795556
-12.6,50,53.831396
-12.3,50,53.862467
-12.0,50,53.887208
-13.0,50,53.922023
-12.0,50,53.965894
-10.8,50,54.447457
-12.3,50,54.485172
-11.7,50,54.511232
-11.2,50,54.547825
-12.3,50,54.584306
-10.0,50,54.615672
-12.3,50,54.64936
-12.6,50,54.678059
-10.5,50,54.709157
-11.1,50,54.745465
-12.0,50,54.781647
5.6,50,55.099164
-5.9,50,55.130444
-7.9,50,55.171071
-12.3,50,55.203356
-10.2,50,55.235779
-11.5,50,55.26347
-13.1,50,55.291247
-4.4,50,55.31949
10.3,50,55.344623
-1.4,50,55.37317
-11.7,50,55.702073
-12.3,50,55.734014
-10.8,50,55.761493
-12.9,50,55.802825
-1.2,50,55.838743
-13.5,50,55.873373
-12.3,50,55.905757
-14.5,50,55.943898
-12.0,50,55.970974
13.0,50,56.001554
-12.6,50,56.324113
-11.5,50,56.353378
-12.6,50,56.381445
-11.2,50,56.41873
-14.0,50,56.450994
-9.3,50,56.483254
-5.7,50,56.50921
-9.1,50,56.539274
-11.1,50,56.571492
-6.4,50,56.595428
-9.3,50,56.92387
-11.4,50,56.954884
-8.0,50,56.988718
-7.0,50,57.015749
-12.6,50,57.047088
-11.3,50,57.108361
-12.6,50,57.147102
-10.5,50,57.172013
-7.3,50,57.202663
-12.0,50,57.231306
-12.3,50,57.252998
-7.1,50,57.674526
-9.9,50,57.707185
-1.3,50,57.735779
-7.1,50,57.760892
-7.9,50,57.791006
-11.4,50,57.825563
1.9,50,57.856886
-11.7,50,57.878494
-12.3,50,57.907065
-12.0,50,57.929392
-12.6,50,58.343861
-5.0,50,58.371696
-12.0,50,58.412835
-11.8,50,58.455036
-12.0,50,58.492427
-13.4,50,58.52915
-7.9,50,58.569121
-8.2,50,58.605716
7.9,50,58.637288
-12.0,50,58.670171
-10.9,50,58.993771
-12.6,50,59.024333
8.2,50,59.049672
-12.0,50,59.084359
-8.2,50,59.112427
-12.0,50,59.147527
-0.8,50,59.173072
-11.7,50,59.202639
-12.0,50,59.23134
-11.7,50,59.253601
5.5,50,59.582855
-12.3,50,59.620925
-12.4,50,59.653478
-12.9,50,59.675742
-12.6,50,59.713147
-10.8,50,59.748867
-6.8,50,59.77915
-8.2,50,59.809824
-1.8,50,59.837245
-12.0,50,59.867887
-2.4,50,59.898779
-11.7,50,60.363622
-7.0,50,60.385425
-12.3,50,60.419671
-13.2,50,60.44966
-13.8,50,60.480941
-2.3,50,60.50768
5.5,50,60.5385
-1.3,50,60.570594
-7.2,50,60.593607
-12.3,50,60.62458
-12.3,50,61.134829
-4.7,50,61.169979
-11.1,50,61.202551
-12.3,50,61.253097
-12.1,50,61.297268
-10.2,50,61.338351
-7.8,50,61.372445
2.2,50,61.402448
-15.5,50,61.428525
-4.8,50,61.465661
-1.8,50,61.82208
-12.0,50,61.863652
-1.3,50,61.890829
-5.5,50,61.923096
-12.0,50,61.95265
-8.5,50,61.984726
-13.5,50,62.007409
-7.9,50,62.039093
10.5,50,62.070282
-7.9,50,62.116305
2.6,50,62.664952
2.7,50,62.706171
-0.5,50,62.745286
-13.4,50,62.783258
0.7,50,62.832878
-11.7,50,62.897021
7.4,50,62.987114
-12.6,50,63.027363
-12.3,50,63.065427
-12.0,50,63.118675
3.1,50,63.175804
-4.0,50,63.778929
-12.3,50,63.830196
-12.6,50,63.876881
6.1,50,63.994655
-1.2,50,64.067656
3.1,50,64.115725
-12.1,50,64.175109
-8.5,50,64.239101
0.5,50,64.308522
-12.3,50,64.384578
-3.3,50,64.858277
-8.5,50,64.9031
-4.0,50,64.945677
-11.7,50,64.991251
2.3,50,65.030412
-0.1,50,65.057468
13.5,50,65.092664
-8.5,50,65.134915
-7.5,50,65.362336
-7.3,50,65.413619
9.4,50,65.836231
-12.6,50,65.874305
-9.4,50,65.914
-3.3,50,65.97534
-8.2,50,66.010567
-7.6,50,66.041858
-12.6,50,66.072174
0.5,50,66.095506
-12.0,50,66.125386
-12.3,50,66.155472
-0.0,50,66.507187
-13.2,50,66.556868
-6.8,50,66.59344
8.6,50,66.634846
-4.7,50,66.675549
-2.9,50,66.726141
3.7,50,66.755326
-7.9,50,66.782506
-12.0,50,66.812613
-8.5,50,66.834839
-11.7,50,66.865517
-13.8,50,67.218796
0.2,50,67.249417
-12.9,50,67.283008
-8.8,50,67.314749
-1.5,50,67.354346
0.8,50,67.382429
-3.3,50,67.413586
-4.9,50,67.444778
-8.5,50,67.465809
1.8,50,67.500912
-5.5,50,67.792779
-8.5,50,67.824341
-3.1,50,67.857337
-3.3,50,67.891034
-2.5,50,67.944712
-12.0,50,67.994357
-12.0,50,68.036961
-12.7,50,68.068949
-4.4,50,68.090044
-7.8,50,68.11968
1.7,50,68.417455
-8.1,50,68.456152
-23.4,50,68.487814
-9.6,50,68.511126
0.9,50,68.547235
-12.3,50,68.578305
-12.0,50,68.607876
-3.6,50,68.629916
6.2,50,68.656953
2.9,50,68.687601
1.2,50,69.004819
-14.7,50,69.040933
-1.5,50,69.069595
-4.0,50,69.094187
-9.3,50,69.124373
-3.7,50,69.157107
-17.1,50,69.179645
-12.0,50,69.20929
-12.3,50,69.237909
4.5,50,69.259004
3.1,50,69.294149
3.3,50,69.642464
-2.1,50,69.671224
3.5,50,69.703787
-4.6,50,69.733447
-3.4,50,69.77012
-13.4,50,69.799947
-3.6,50,69.830112
7.0,50,69.85763
-1.6,50,69.880257
-3.6,50,69.920754
2.6,50,70.444753
-2.9,50,70.487163
-13.4,50,70.530295
-5.4,50,70.573603
3.0,50,70.609452
-9.1,50,70.635642
-11.8,50,70.67037
-8.2,50,70.725738
-3.0,50,70.781484
-8.8,50,70.913444
9.7,50,71.618919
-12.9,50,71.652514
-13.4,50,71.678205
-12.6,50,71.710883
-8.4,50,71.741937
-1.4,50,71.777073
-9.1,50,71.819686
-12.3,50,71.863569
10.2,50,71.889284
-1.8,50,71.92838
-15.2,50,72.418811
-12.8,50,72.456269
-9.6,50,72.498907
-2.6,50,72.537251
4.3,50,72.575754
13.2,50,72.61426
1.7,50,72.636312
-9.5,50,72.665799
5.4,50,72.695905
-0.2,50,72.717984
-3.7,50,73.03728
1.3,50,73.069352
0.7,50,73.095898
7.4,50,73.129973
3.4,50,73.16619
-13.8,50,73.199769
4.2,50,73.232385
-2.7,50,73.254513
-8.8,50,73.28335
-12.6,50,73.305224
-12.3,50,73.333862
4.1,50,73.77887
-12.3,50,73.809994
-9.4,50,73.837025
-24.6,50,73.86991
-3.1,50,73.898972
-12.6,50,73.927712
-6.0,50,73.966281
-12.3,50,74.004977
5.0,50,74.040506
-8.5,50,74.069242
-22.8,50,74.384442
-8.0,50,74.418505
-11.4,50,74.451058
4.6,50,74.487196
-12.6,50,74.514754
-0.2,50,74.547291
-12.3,50,74.580066
-16.7,50,74.610563
-4.8,50,74.631654
6.7,50,74.665132
-14.1,50,75.072736
6.6,50,75.112324
4.5,50,75.152588
-12.0,50,75.17722
-4.1,50,75.210289
1.8,50,75.246127
-22.7,50,75.277761
-9.1,50,75.300331
-13.8,50,75.32944
-9.1,50,75.357604
-11.1,50,75.69049
0.7,50,75.719102
-2.2,50,75.754851
-8.6,50,75.785575
-0.7,50,75.82067
-9.1,50,75.854264
-14.1,50,75.881375
-12.6,50,75.912344
-0.5,50,75.949403
-13.2,50,75.981339
-3.8,50,76.003454
-1.0,50,76.297158
2.3,50,76.330793
-0.7,50,76.363963
-12.3,50,76.398153
-12.3,50,76.425546
-3.5,50,76.457093
-15.0,50,76.488762
-12.0,50,76.510795
-1.5,50,76.545681
-12.0,50,76.573494
-5.2,50,76.900046
-4.5,50,76.930104
2.1,50,76.98515
-12.3,50,77.011433
-9.7,50,77.043077
0.9,50,77.077261
-8.3,50,77.105347
-12.3,50,77.127218
-12.3,50,77.157109
2.2,50,77.179845
-1.5,50,77.550055
4.9,50,77.582162
-3.2,50,77.61274
-8.8,50,77.637942
-13.8,50,77.675147
14.2,50,77.709707
-1.8,50,77.743173
-5.0,50,77.772653
5.1,50,77.796248
-14.4,50,77.83037
8.7,50,78.255167
-5.0,50,78.286222
0.1,50,78.313782
-12.1,50,78.339852
-23.7,50,78.371298
7.8,50,78.407178
-24.0,50,78.442002
-17.8,50,78.466085
4.6,50,78.495686
-5.1,50,78.524304
-2.2,50,78.62543
-8.5,50,78.951947
-0.4,50,78.992056
-12.1,50,79.036139
2.7,50,79.073209
-7.1,50,79.112283
-12.6,50,79.151438
8.7,50,79.188373
-12.0,50,79.21542
-8.4,50,79.245016
5.6,50,79.272649
3.9,50,79.58549
7.1,50,79.617213
-12.3,50,79.647876
-12.9,50,79.672918
-3.1,50,79.707405
12.3,50,79.74453
1.4,50,79.776022
-1.4,50,79.814472
-8.0,50,79.846015
-8.0,50,79.877084
-5.0,50,80.401608
-12.0,50,80.427328
-9.4,50,80.466941
7.3,50,80.5
-0.9,50,80.533581
-3.0,50,80.568275
-1.3,50,80.591927
-1.0,50,80.627972
-3.5,50,80.659247
2.0,50,80.692349
-1.5,50,81.288223
-1.6,50,81.322933
13.6,50,81.35425
6.8,50,81.385029
-0.2,50,81.417287
-9.7,50,81.571381
-3.5,50,81.613884
-4.9,50,81.649367
-8.5,50,81.672433
2.6,50,81.704159
-6.7,50,81.734489
-12.3,50,82.210162
6.7,50,82.244634
8.2,50,82.298748
-3.3,50,82.360174
-4.7,50,82.397515
2.3,50,82.42413
-3.5,50,82.467985
-11.7,50,82.505701
-12.0,50,82.545017
-8.8,50,82.583159
7.0,50,82.896502
-8.5,50,82.921287
3.0,50,82.953658
-1.0,50,82.990545
3.9,50,83.027624
-12.3,50,83.051205
-14.7,50,83.082263
5.8,50,83.109802
-12.0,50,83.130886
12.9,50,83.160136
-12.7,50,83.489012
6.3,50,83.520598
5.9,50,83.548226
-8.7,50,83.579443
-12.0,50,83.610148
-2.2,50,83.6374
-1.8,50,83.669559
15.6,50,83.698172
-9.4,50,83.724238
-11.7,50,83.750081
0.2,50,84.157461
-12.3,50,84.187734
-8.1,50,84.213707
-14.1,50,84.254587
-11.7,50,84.288363
-15.5,50,84.320481
8.0,50,84.349077
-5.3,50,84.374802
-11.4,50,84.405325
11.6,50,84.427354
1.4,50,84.457181
-11.7,50,84.798701
6.9,50,84.837973
-12.0,50,84.867524
4.8,50,84.901598
-9.6,50,84.931825
-12.6,50,84.962537
-5.0,50,84.991909
-24.3,50,85.030772
1.1,50,85.068745
-4.1,50,85.093378
-12.3,50,85.581537
-12.6,50,85.614506
6.7,50,85.647567
1.3,50,85.674613
-21.3,50,85.705847
-3.8,50,85.737916
4.8,50,85.772574
-12.3,50,85.795231
-3.8,50,85.828584
-12.3,50,85.860194
-8.8,50,86.208667
-4.1,50,86.241746
-10.8,50,86.275394
-4.7,50,86.301679
0.9,50,86.335827
-12.0,50,86.369909
-3.0,50,86.402672
-12.0,50,86.425423
-2.1,50,86.455462
-12.3,50,86.485592
-22.5,50,86.839088
-12.0,50,86.877166
-11.7,50,86.920427
-11.4,50,86.997032
-12.0,50,87.037316
-4.9,50,87.075919
1.8,50,87.110366
-8.6,50,87.135391
-5.0,50,87.164058
-12.3,50,87.197161
5.5,50,87.219987
10.9,50,87.5747
-12.0,50,87.612524
-11.8,50,87.653813
-4.5,50,87.697193
-12.9,50,87.741213
5.7,50,87.776907
-2.7,50,87.814921
6.9,50,87.842491
-4.4,50,87.881299
-4.7,50,87.916214
-12.3,50,88.370268
2.7,50,88.412035
-24.6,50,88.445592
-8.5,50,88.480679
-7.7,50,88.517256
25.8,50,88.545383
2.3,50,88.577736
-11.7,50,88.612055
-3.8,50,88.63713
-12.0,50,88.667237
0.5,50,89.00246
2.1,50,89.035799
-4.1,50,89.075916
-10.3,50,89.115554
-24.0,50,89.158975
-0.3,50,89.202425
12.3,50,89.239148
8.7,50,89.286037
-12.0,50,89.323663
1.9,50,89.36115
7.7,50,89.73932
-12.3,50,89.775824
2.2,50,89.819563
2.9,50,89.854124
-11.7,50,89.878731
2.4,50,89.915326
-12.1,50,89.957475
-7.9,50,89.990207
6.2,50,90.015355
-2.3,50,90.041099
-4.2,50,90.448347
-8.6,50,90.486017
-12.9,50,90.523939
-1.4,50,90.551198
-12.6,50,90.583981
-25.8,50,90.621348
-12.6,50,90.653942
6.4,50,90.679079
-12.3,50,90.71086
0.6,50,90.748818
-8.8,50,90.792673
-0.9,50,91.372247
-11.7,50,91.413291
-26.4,50,91.459477
10.3,50,91.51192
-4.7,50,91.549442
-12.0,50,91.584123
-3.4,50,91.613937
-8.5,50,91.646086
-12.3,50,91.670646
-2.3,50,91.701984
6.0,50,92.030812
1.6,50,92.068285
4.7,50,92.113376
-5.8,50,92.151713
-12.3,50,92.190698
-22.2,50,92.219293
-12.3,50,92.248842
19.8,50,92.330977
1.8,50,92.369335
-11.4,50,92.411989
-12.3,50,92.8295
9.5,50,92.861082
3.7,50,92.891607
-9.6,50,92.920283
1.0,50,93.039962
-4.1,50,93.094098
6.7,50,93.167683
8.1,50,93.331346
-5.0,50,93.360684
-12.3,50,93.384721
1.4,50,93.741923
8.3,50,93.774498
-8.5,50,93.803069
-12.3,50,93.83502
-4.7,50,93.865826
0.8,50,93.901431
-3.1,50,93.928973
6.9,50,93.958601
1.0,50,93.987132
-22.5,50,94.008682
-12.3,50,94.037347
15.7,50,94.351062
1.5,50,94.377679
9.7,50,94.410318
-3.3,50,94.444311
-12.3,50,94.474627
-4.0,50,94.508252
1.9,50,94.542389
-1.9,50,94.57148
-2.4,50,94.604614
4.2,50,94.628475
2.5,50,94.964335
18.6,50,95.005411
-5.2,50,95.042199
-0.0,50,95.085306
-11.4,50,95.14458
1.8,50,95.194083
-11.4,50,95.234211
-2.4,50,95.27383
-11.1,50,95.315063
-4.4,50,95.344063
-6.5,50,95.71605
-12.3,50,95.746754
-3.0,50,95.778927
9.2,50,95.815013
-8.5,50,95.841372
-12.3,50,95.874933
-12.0,50,95.907012
-11.9,50,95.938869
-21.9,50,95.963959
6.7,50,95.994393
-2.9,50,96.321176
7.9,50,96.355781
-1.6,50,96.380393
-8.0,50,96.412505
-2.7,50,96.445347
-11.4,50,96.474513
2.7,50,96.504935
-8.6,50,96.534103
6.2,50,96.573469
31.7,16,96.581991
-12.3,50,96.610682
6.7,50,96.927242
-2.0,50,96.965117
5.8,50,97.004425
-0.1,50,97.038768
0.4,50,97.071274
-11.4,50,97.104429
-8.3,50,97.129042
-4.9,50,97.168712
-12.6,50,97.199359
-7.7,50,97.228069
-12.3,50,97.255217
12.7,50,97.733596
0.1,50,97.759734
7.6,50,97.790102
5.9,50,97.82418
-8.5,50,97.856369
-5.7,50,97.883517
-12.3,50,97.919801
-7.9,50,97.990026
2.3,50,98.038141
-12.0,50,98.083622
-12.0,50,98.528185
-11.7,50,98.552855
-3.4,50,98.590471
-1.6,50,98.62361
-4.7,50,98.651538
-12.3,50,98.676196
7.0,50,98.711782
-12.0,50,98.75294
5.7,50,98.789831
-2.4,50,98.821184
0.8,50,99.302207
-0.8,50,99.344298
1.0,50,99.395296
-12.0,50,99.436909
6.5,50,99.466984
-0.2,50,99.499094
7.4,50,99.534194
-5.4,50,99.561765
-0.4,50,99.587336
-12.3,50,99.618507
-4.5,50,100.081437
-2.3,50,100.132144
-12.3,50,100.192001
-12.6,50,100.285593
2.9,50,100.329424
2.8,50,100.372819
-10.5,50,100.41935
3.0,50,100.461098
5.7,50,100.512241
4.8,50,100.563606
16.4,50,100.611436
