#{"t_start": 1785387945.2130525, "env_id": "None"}
r,l,t
40.9,50,0.191839
215.416667,50,0.23184
-4.666667,50,0.316839
236.166667,50,0.349364
193.416667,50,0.374975
156.916667,50,0.606238
154.533333,50,0.639238
164.0,50,0.688239
236.75,50,0.728239
252.5,50,0.760315
216.333333,50,0.984481
125.333333,50,1.017535
175.166667,50,1.057489
234.666667,50,1.104482
229.583333,50,1.146485
169.283333,50,1.385907
99.116667,50,1.415906
175.666667,50,1.447905
141.166667,50,1.487905
217.333333,50,1.52291
75.283333,50,1.854437
224.583333,50,1.90144
205.95,50,1.966038
210.95,50,2.020041
161.316667,50,2.080041
249.833333,50,3.029651
117.366667,50,3.058853
182.333333,50,3.086854
181.45,50,3.118855
58.25,50,3.151856
48.183333,50,3.325047
240.833333,50,3.358046
203.666667,50,3.391565
146.583333,50,3.424127
245.833333,50,3.453667
179.75,50,3.672726
210.166667,50,3.713728
220.416667,50,3.749746
210.25,50,3.778746
166.483333,50,3.809182
2.333333,50,4.095937
46.2,50,4.124941
27.033333,50,4.146937
149.366667,50,4.176936
253.5,50,4.20394
239.666667,50,4.233938
190.5,50,4.404203
236.166667,50,4.435206
244.333333,50,4.509723
257.0,50,4.545726
66.533333,50,4.576723
197.2,50,4.737857
184.833333,50,4.778857
177.666667,50,4.808856
226.583333,50,4.837874
143.666667,50,4.863111
258.0,50,5.014111
226.083333,50,5.041128
227.783333,50,5.068212
180.866667,50,5.095221
249.916667,50,5.12321
112.283333,50,5.297439
247.916667,50,5.345439
227.583333,50,5.396471
233.866667,50,5.437469
240.75,50,5.484553
178.166667,50,5.693792
215.333333,50,5.727791
202.666667,50,5.759793
243.75,50,5.789791
243.333333,50,5.817794
238.75,50,6.046009
251.5,50,6.074648
234.783333,50,6.099663
182.25,50,6.128649
241.333333,50,6.165652
234.166667,50,6.440775
201.666667,50,6.516426
216.533333,50,6.570427
257.0,50,6.658434
185.25,50,6.732237
236.75,50,6.973533
236.25,50,7.003531
234.75,50,7.031532
213.333333,50,7.056535
162.916667,50,7.080209
179.15,50,7.111207
239.833333,50,7.294379
230.283333,50,7.320365
212.75,50,7.349353
47.583333,50,7.379816
144.166667,50,7.412812
35.533333,50,7.583142
200.283333,50,7.610162
195.7,50,7.636144
239.333333,50,7.664148
208.833333,50,7.691371
216.833333,50,7.934631
180.533333,50,7.958631
160.616667,50,7.983632
221.416667,50,8.01563
115.45,50,8.051642
200.666667,50,8.21907
236.666667,50,8.299415
201.083333,50,8.361415
230.166667,50,8.414838
251.916667,50,8.452838
111.166667,50,8.711099
169.783333,50,8.743098
242.25,50,8.783096
119.166667,50,8.820098
215.616667,50,8.851103
119.75,50,9.003699
194.783333,50,9.037701
230.666667,50,9.060705
9.416667,50,9.086797
182.333333,50,9.112812
197.583333,50,9.284938
187.416667,50,9.330939
239.833333,50,9.366938
112.083333,50,9.401945
116.75,50,9.435937
252.5,50,9.6083
188.416667,50,9.637296
206.25,50,9.663304
210.25,50,9.686405
155.733333,50,9.714405
219.916667,50,9.744404
260.5,50,9.92151
189.416667,50,9.955504
248.75,50,9.989704
256.5,50,10.028702
189.316667,50,10.056727
194.0,50,10.247989
184.033333,50,10.277168
235.166667,50,10.30217
62.533333,50,10.33817
227.583333,50,10.396171
247.416667,50,10.729291
230.083333,50,10.763289
200.583333,50,10.800289
94.616667,50,10.828289
152.833333,50,10.855289
117.766667,50,11.020422
250.416667,50,11.04742
248.416667,50,11.083582
163.316667,50,11.116581
191.583333,50,11.143579
245.833333,50,11.601593
124.95,50,11.627588
247.116667,50,11.657589
234.083333,50,11.691595
137.7,50,11.727824
218.416667,50,11.926939
196.416667,50,11.958939
216.75,50,11.993939
248.333333,50,12.03094
178.333333,50,12.064938
193.0,50,12.410986
220.916667,50,12.440987
196.2,50,12.471987
233.166667,50,12.508532
189.416667,50,12.53471
208.25,50,12.699145
254.0,50,12.724227
98.916667,50,12.74723
180.75,50,12.772227
251.416667,50,12.803227
255.5,50,12.984372
172.666667,50,13.043372
64.75,50,13.096376
255.5,50,13.126572
231.166667,50,13.156579
39.533333,50,13.183577
235.166667,50,13.335671
250.916667,50,13.366672
199.4,50,13.397744
203.083333,50,13.431744
193.0,50,13.466748
204.866667,50,13.627966
242.333333,50,13.659965
237.833333,50,13.691967
193.5,50,13.719318
235.75,50,13.742319
213.833333,50,13.923495
-1.166667,50,13.950497
225.5,50,13.974498
92.95,50,13.99952
245.833333,50,14.027497
238.75,50,14.185641
246.916667,50,14.213641
227.666667,50,14.240642
127.25,50,14.269642
151.833333,50,14.297663
189.333333,50,14.445827
208.45,50,14.481827
241.75,50,14.505858
234.866667,50,14.531871
159.7,50,14.556869
184.033333,50,14.709874
234.366667,50,14.732486
202.666667,50,14.756485
193.5,50,14.782486
244.833333,50,14.831486
237.533333,50,15.383977
253.0,50,15.426456
246.416667,50,15.46746
176.366667,50,15.515465
259.5,50,15.549494
235.75,50,15.826528
225.0,50,15.875524
250.0,50,15.966505
136.083333,50,16.16454
181.833333,50,16.21854
225.583333,50,16.273541
240.833333,50,16.508575
174.583333,50,16.548566
139.583333,50,16.635567
210.333333,50,16.671567
165.0,50,16.718579
232.583333,50,17.014219
243.333333,50,17.069221
252.0,50,17.225358
218.616667,50,17.280359
236.25,50,17.315356
254.5,50,17.627416
175.166667,50,17.660416
256.0,50,17.689414
94.833333,50,17.718416
179.666667,50,17.744419
245.833333,50,17.96247
93.7,50,18.00447
180.75,50,18.038474
222.416667,50,18.097471
256.5,50,18.205502
123.916667,50,18.746854
199.583333,50,18.791753
195.583333,50,18.840755
168.5,50,18.963461
216.416667,50,19.021976
215.916667,50,19.321621
214.333333,50,19.366138
232.666667,50,19.394653
194.416667,50,19.42665
86.533333,50,19.46265
189.533333,50,19.742783
167.5,50,19.783805
251.5,50,19.830805
230.75,50,19.861804
212.75,50,19.892804
195.7,50,20.242575
176.45,50,20.295577
250.416667,50,20.357096
172.366667,50,20.520637
249.416667,50,20.574185
141.7,50,20.605186
232.166667,50,20.956224
206.366667,50,20.993056
193.116667,50,21.033021
254.5,50,21.075021
253.0,50,21.125022
251.5,50,21.466246
243.916667,50,21.530246
176.833333,50,21.603286
246.916667,50,21.666288
215.333333,50,21.739286
98.916667,50,21.961655
233.166667,50,22.009161
254.0,50,22.066213
214.533333,50,22.153169
242.333333,50,22.193193
234.666667,50,22.367342
249.416667,50,22.404855
212.333333,50,22.467853
190.5,50,22.513853
148.166667,50,22.566993
205.566667,50,22.751345
218.833333,50,22.786369
246.616667,50,22.846369
136.083333,50,22.897371
220.0,50,22.947377
145.25,50,23.1154
91.916667,50,23.152405
253.416667,50,23.18143
-0.166667,50,23.223431
217.916667,50,23.474439
225.0,50,23.750256
109.066667,50,23.791264
189.0,50,23.826776
115.45,50,23.858284
215.416667,50,23.887284
184.116667,50,24.117595
158.0,50,24.180592
250.916667,50,24.208107
138.583333,50,24.247618
211.333333,50,24.27662
240.833333,50,24.521646
198.583333,50,24.578646
208.95,50,24.609153
122.416667,50,24.637655
239.25,50,24.664654
212.833333,50,24.693655
239.25,50,24.935799
224.5,50,24.99381
72.7,50,25.021828
105.9,50,25.051831
181.25,50,25.079831
206.25,50,25.443863
251.0,50,25.47286
231.166667,50,25.50386
196.616667,50,25.534878
172.666667,50,25.563861
215.75,50,25.821952
215.916667,50,25.850956
209.833333,50,25.882957
241.833333,50,25.909954
110.583333,50,25.936955
241.75,50,26.288698
129.033333,50,26.341699
241.833333,50,26.421942
237.166667,50,26.682656
220.416667,50,26.777658
215.916667,50,27.072802
232.166667,50,27.133799
199.166667,50,27.172799
217.833333,50,27.214802
216.25,50,27.240395
194.083333,50,27.45943
233.25,50,27.51043
149.866667,50,27.55275
176.65,50,27.584749
212.25,50,27.616756
207.25,50,27.821791
224.5,50,27.887816
217.916667,50,27.953813
228.083333,50,27.991838
241.333333,50,28.020819
245.333333,50,28.4603
170.583333,50,28.502301
236.166667,50,28.5373
204.166667,50,28.629315
253.5,50,28.710347
136.5,50,28.827359
185.416667,50,29.422755
227.783333,50,29.590434
65.916667,50,29.642486
116.666667,50,29.68929
237.25,50,29.730293
227.2,50,30.133026
222.916667,50,30.278758
145.866667,50,30.476659
241.333333,50,30.534598
257.0,50,30.581601
121.833333,50,30.942537
198.0,50,30.986538
235.75,50,31.060444
232.166667,50,31.197398
17.583333,50,31.250404
231.366667,50,32.721287
236.583333,50,32.789285
239.166667,50,32.850283
255.5,50,32.977396
202.583333,50,33.078399
182.25,50,33.34692
216.25,50,33.373905
98.916667,50,33.398965
111.7,50,33.426965
214.333333,50,33.462964
215.533333,50,33.621129
47.066667,50,33.666259
177.25,50,33.703648
244.333333,50,33.729797
211.25,50,33.755799
205.666667,50,33.920494
144.083333,50,33.949244
91.25,50,33.974244
254.5,50,34.000245
75.783333,50,34.027243
227.583333,50,34.192206
219.916667,50,34.223205
-0.766667,50,34.284207
97.733333,50,34.333279
150.833333,50,34.375276
234.166667,50,34.413277
244.916667,50,34.599249
225.5,50,34.626248
210.75,50,34.652251
179.366667,50,34.680248
240.166667,50,34.706254
192.616667,50,34.883353
195.0,50,34.918864
230.666667,50,34.949496
206.25,50,34.977492
245.833333,50,35.004495
225.0,50,35.1698
232.166667,50,35.197801
111.583333,50,35.2308
89.066667,50,35.2618
233.083333,50,35.290571
10.416667,50,35.456325
221.916667,50,35.481346
105.5,50,35.508331
233.666667,50,35.536484
211.45,50,35.564488
