#{"t_start": 1781077190.701003, "env_id": "None"}
r,l,t
-4.933333,50,32.142027
-0.2,50,32.183502
23.833333,50,32.211776
7.716667,50,32.238858
18.116667,50,32.416358
39.483333,50,32.458358
-21.65,6,32.463359
-14.0,50,32.506359
18.316667,50,32.585285
15.05,50,32.626648
4.6,50,32.66965
9.316667,50,36.611587
20.283333,50,36.65371
-12.466667,5,36.658711
43.7,50,36.711711
-6.666667,50,36.754063
0.55,50,36.790628
20.15,50,36.829734
-2.8,50,36.902405
30.65,50,36.953213
12.2,50,36.994664
33.95,50,37.019173
36.516667,50,37.434996
-16.416667,6,37.440298
28.133333,50,37.469296
10.7,50,37.502297
34.116667,50,37.532303
9.566667,50,37.565206
9.033333,50,37.596209
-3.6,50,37.637886
68.033333,50,37.674894
18.9,50,37.71027
2.116667,50,37.754036
2.416667,50,38.122823
18.933333,50,38.160428
10.283333,50,38.197428
13.333333,50,38.23979
89.116667,50,38.276789
24.166667,50,38.307565
-1.166667,50,38.339228
5.75,50,38.390496
29.316667,50,38.427052
69.866667,50,38.554814
0.433333,50,39.016565
21.333333,50,39.048147
-0.216667,50,39.080153
11.566667,50,39.119721
-13.783333,10,39.12933
30.633333,50,39.165932
7.183333,50,39.200504
17.033333,50,39.230061
12.416667,50,39.273985
12.25,50,39.311962
0.066667,50,39.354319
0.866667,50,39.628611
27.45,50,39.657172
47.616667,50,39.687174
24.233333,50,39.714174
38.583333,50,39.742201
22.85,50,39.789769
18.933333,50,39.818776
1.066667,50,39.843057
44.816667,50,39.869056
25.533333,50,39.895333
36.7,50,40.230908
15.933333,50,40.266537
31.783333,50,40.300538
6.35,50,40.332055
3.533333,50,40.363964
34.016667,50,40.39261
58.683333,50,40.427632
5.9,50,40.456349
-13.833333,12,40.464349
-11.166667,50,40.502349
27.583333,50,40.543388
4.033333,50,40.872367
18.25,50,40.906365
28.033333,50,40.935413
2.266667,50,40.967997
47.15,50,40.998997
33.7,50,41.034518
70.833333,50,41.067263
-0.916667,50,41.092242
122.4,50,41.120311
-5.133333,50,41.148275
17.033333,50,41.171435
110.783333,50,41.47086
18.566667,50,41.498856
-24.5,7,41.503861
66.033333,50,41.52986
33.333333,50,41.572432
41.0,50,41.606428
8.95,50,41.650871
10.45,50,41.690906
16.35,50,41.723908
15.283333,50,41.75395
11.833333,50,41.781654
28.366667,50,42.105488
5.45,50,42.1365
77.083333,50,42.168083
38.15,50,42.197088
105.733333,50,42.232086
92.65,50,42.268205
-0.166667,50,42.334196
60.833333,50,42.364398
46.883333,50,42.394258
69.5,50,42.41925
45.9,50,42.953559
24.85,50,43.019995
71.983333,50,43.060285
-1.383333,50,43.092259
64.666667,50,43.128259
54.116667,50,43.175703
-4.6,50,43.212707
40.616667,50,43.251222
3.666667,50,43.329222
26.7,50,43.363348
20.083333,50,43.938307
41.45,50,43.995081
71.433333,50,44.038602
25.2,50,44.074467
23.783333,50,44.111465
25.466667,50,44.151513
-7.333333,7,44.158033
2.05,50,44.197293
10.766667,50,44.232296
82.0,50,44.267611
39.616667,50,44.317612
19.5,50,44.907365
81.866667,50,44.948112
114.666667,50,44.990046
19.733333,50,45.03605
127.366667,50,45.090833
1.866667,50,45.135837
90.45,50,45.182685
17.45,50,45.219667
85.9,50,45.254962
55.4,50,45.299961
66.366667,50,45.340964
54.783333,50,45.706828
35.833333,50,45.73184
6.5,50,45.759357
27.0,50,45.784232
96.25,50,45.811238
25.533333,50,45.83756
27.516667,50,45.866079
72.25,50,45.892079
27.433333,50,45.915078
20.5,50,45.940167
57.266667,50,46.218897
31.35,50,46.274781
18.266667,50,46.337184
127.833333,50,46.40551
130.666667,50,46.492557
58.816667,50,46.533745
23.333333,50,46.582783
55.9,50,46.625677
-3.866667,50,46.667086
37.916667,50,46.708573
49.166667,50,47.247389
10.833333,50,47.286083
33.066667,50,47.334083
29.65,50,47.372288
37.45,50,47.413622
-14.1,50,47.474838
15.283333,50,47.535841
126.2,50,47.596789
70.816667,50,47.733978
103.75,50,47.837583
42.033333,50,48.132826
27.116667,50,48.170261
11.333333,50,48.195145
50.4,50,48.223153
-3.766667,50,48.249135
65.2,50,48.273017
19.4,50,48.301296
89.45,50,48.331388
6.4,50,48.363394
30.5,50,48.387228
42.916667,50,48.440664
132.833333,50,48.739691
97.283333,50,48.767212
100.4,50,48.794487
17.2,50,48.871572
41.5,50,48.903682
137.166667,50,48.933683
72.816667,50,48.964218
76.083333,50,48.995518
96.033333,50,49.026518
35.166667,50,49.057056
52.016667,50,49.345704
85.2,50,49.378983
58.333333,50,49.413152
62.733333,50,49.446148
26.0,50,49.494152
23.083333,50,49.56416
11.116667,50,49.638861
13.733333,50,49.676098
15.25,50,49.708141
12.033333,50,49.761167
144.866667,50,50.103301
56.5,50,50.128304
14.15,50,50.152304
34.5,50,50.176532
18.366667,50,50.203556
44.25,50,50.231575
-7.083333,50,50.255492
5.9,50,50.28081
111.5,50,50.307811
40.033333,50,50.394131
51.816667,50,50.787785
53.033333,50,50.815307
94.45,50,50.852538
42.95,50,50.887789
35.533333,50,50.920791
61.083333,50,50.956791
27.65,50,50.993959
32.583333,50,51.018003
110.75,50,51.046586
100.833333,50,51.070873
164.5,50,51.351775
74.2,50,51.378915
95.416667,50,51.409375
79.5,50,51.439828
68.75,50,51.498274
42.166667,50,51.550273
-6.3,50,51.597577
111.083333,50,51.682517
18.533333,50,51.716516
72.166667,50,51.749516
104.833333,50,51.787742
75.416667,50,52.070292
88.2,50,52.099852
145.033333,50,52.127852
-6.133333,50,52.152851
133.0,50,52.185022
113.616667,50,52.210056
162.333333,50,52.240415
121.033333,50,52.269858
84.35,50,52.294869
25.416667,50,52.324852
37.833333,50,52.757356
92.583333,50,52.790488
77.083333,50,52.828252
73.0,50,52.859948
69.75,50,52.893761
40.916667,50,52.922763
44.5,50,52.958764
74.75,50,52.98928
120.583333,50,53.022609
75.983333,50,53.058619
44.533333,50,53.496602
115.666667,50,53.582113
41.166667,50,53.638246
73.5,50,53.718549
114.916667,50,53.791078
120.166667,50,53.832019
116.5,50,53.868537
108.666667,50,53.910718
142.616667,50,53.945419
36.666667,50,53.984926
56.916667,50,54.479128
127.533333,50,54.51313
58.65,50,54.54913
47.083333,50,54.5995
31.366667,50,54.66232
63.866667,50,54.699974
14.333333,50,54.731976
156.916667,50,54.756979
140.533333,50,54.781988
142.166667,50,54.822583
88.833333,50,54.870422
38.116667,50,55.961058
148.833333,50,56.016071
136.366667,50,56.096487
151.616667,50,56.195896
128.566667,50,56.289529
37.916667,50,56.407543
15.916667,50,56.525335
99.166667,50,56.572933
160.333333,50,56.683695
42.3,50,56.73724
114.666667,50,57.427203
77.833333,50,57.499237
100.866667,50,57.572585
116.083333,50,57.612063
130.033333,50,57.652583
131.066667,50,57.712296
147.916667,50,57.75477
120.166667,50,57.789773
169.5,50,57.815011
62.566667,50,57.84402
77.0,50,58.145199
132.416667,50,58.179199
130.916667,50,58.217196
23.5,50,58.252272
155.916667,50,58.290954
93.25,50,58.328549
91.25,50,58.357406
109.166667,50,58.389407
143.2,50,58.422412
63.916667,50,58.457925
123.583333,50,58.882179
141.033333,50,58.921328
152.75,50,58.956741
99.033333,50,58.985758
32.2,50,59.0188
119.666667,50,59.055316
164.25,50,59.089982
142.333333,50,59.124501
69.916667,50,59.157111
126.166667,50,59.182112
45.416667,50,59.211109
57.866667,50,59.612768
65.116667,50,59.646772
125.166667,50,59.680918
100.083333,50,59.712926
75.583333,50,59.744576
66.833333,50,59.777067
166.5,50,59.813051
60.75,50,59.852569
3.916667,50,59.87691
65.033333,50,59.903715
97.25,50,60.160113
145.5,50,60.189166
77.083333,50,60.22308
85.416667,50,60.252269
90.583333,50,60.278154
114.333333,50,60.308758
88.616667,50,60.335796
126.083333,50,60.360397
60.416667,50,60.385393
142.666667,50,60.411438
106.866667,50,60.674816
123.583333,50,60.705457
113.25,50,60.740577
47.0,50,60.778579
139.333333,50,60.816578
80.766667,50,60.848587
115.166667,50,60.885209
82.283333,50,60.92022
117.916667,50,60.961623
123.166667,50,61.001626
103.25,50,61.608128
84.283333,50,61.67999
82.833333,50,61.739729
143.416667,50,61.864437
141.0,50,62.460764
84.533333,50,63.627962
124.533333,50,63.856499
131.7,50,63.919499
147.416667,50,63.965284
129.116667,50,64.002521
51.866667,50,64.059026
131.583333,50,65.048817
88.783333,50,65.080232
135.333333,50,65.109247
113.5,50,65.140753
123.5,50,65.171317
135.033333,50,65.202302
171.833333,50,65.229299
146.4,50,65.257886
68.733333,50,65.289896
144.116667,50,65.333411
135.25,50,66.077078
144.583333,50,66.127866
121.25,50,66.171223
105.833333,50,66.214532
62.366667,50,66.265649
144.833333,50,66.308182
107.166667,50,66.350941
167.666667,50,66.395286
125.083333,50,66.495856
42.2,50,66.578411
114.833333,50,67.498896
150.5,50,67.884337
-15.0,6,67.898889
135.833333,50,68.053446
52.166667,50,68.156205
55.783333,50,68.268739
149.0,50,68.369453
117.166667,50,68.47718
109.033333,50,68.836769
164.916667,50,69.178202
87.5,50,69.519786
157.5,50,71.663107
144.583333,50,71.733759
99.033333,50,71.801376
130.666667,50,71.862155
133.583333,50,71.913669
117.833333,50,72.014083
115.0,50,72.121571
125.866667,50,72.20438
127.083333,50,72.333484
92.783333,50,72.399454
175.833333,50,72.88495
100.4,50,72.927119
148.666667,50,72.968226
162.333333,50,73.023193
141.833333,50,73.068065
59.833333,50,73.100908
116.25,50,73.130583
144.5,50,73.163574
155.916667,50,73.198968
157.666667,50,73.235862
124.916667,50,73.262958
169.5,50,73.664854
143.25,50,73.689854
128.166667,50,73.720117
148.15,50,73.755294
58.533333,50,73.803024
152.75,50,73.837111
126.833333,50,73.861109
176.0,50,73.886151
168.5,50,73.912866
136.866667,50,73.936381
149.083333,50,74.242024
76.583333,50,74.277056
136.916667,50,74.311302
152.583333,50,74.345278
147.083333,50,74.377283
126.5,50,74.409151
116.666667,50,74.452351
123.916667,50,74.495659
131.0,50,74.530716
146.616667,50,74.567615
127.75,50,74.901742
151.033333,50,74.935927
155.783333,50,74.966556
167.583333,50,75.024381
118.833333,50,75.058001
131.583333,50,75.099979
162.0,50,75.132145
170.583333,50,75.171008
177.75,50,75.219869
146.916667,50,75.253201
139.083333,50,75.589202
188.75,50,75.613265
147.666667,50,75.637025
170.583333,50,75.661019
182.333333,50,75.688038
160.666667,50,75.714556
159.5,50,75.752062
131.75,50,75.778063
163.416667,50,75.805243
165.0,50,75.830499
148.25,50,75.853574
140.5,50,76.09309
169.033333,50,76.124607
120.783333,50,76.149113
121.083333,50,76.177131
85.333333,50,76.206331
180.583333,50,76.237576
120.083333,50,76.280602
164.283333,50,76.34418
164.083333,50,76.375505
44.916667,50,76.408679
141.25,50,76.995994
142.783333,50,77.066322
129.833333,50,77.108735
126.783333,50,77.147998
163.0,50,77.185078
170.083333,50,77.226712
173.5,50,77.266313
148.166667,50,77.31093
135.45,50,77.362977
156.783333,50,77.399973
133.0,50,77.842251
156.333333,50,77.877544
148.916667,50,77.91204
116.0,50,77.969579
161.833333,50,78.019762
152.416667,50,78.056916
134.166667,50,78.093282
163.583333,50,78.131798
184.833333,50,78.171371
158.833333,50,78.206255
85.0,50,78.720296
161.416667,50,78.773257
139.166667,50,78.811869
140.0,50,78.852621
178.75,50,78.896634
150.666667,50,78.937315
125.95,50,78.978321
119.0,50,79.016207
164.366667,50,79.052204
160.5,50,79.095203
152.416667,50,79.142291
70.916667,50,79.468513
147.583333,50,79.515751
163.75,50,79.544026
168.916667,50,79.569023
120.0,50,79.599332
136.666667,50,79.630472
163.5,50,79.655472
134.083333,50,79.680471
152.666667,50,79.704478
159.75,50,79.728923
117.583333,50,80.046747
187.666667,50,80.08375
129.916667,50,80.110756
163.333333,50,80.138894
144.166667,50,80.166895
153.666667,50,80.194412
154.833333,50,80.222579
154.116667,50,80.246183
164.416667,50,80.270182
158.75,50,80.295184
172.916667,50,80.548077
173.666667,50,80.577101
153.833333,50,80.602688
114.583333,50,80.628291
189.25,50,80.654291
106.416667,50,80.684293
124.583333,50,80.7113
151.5,50,80.738456
149.666667,50,80.763454
166.75,50,80.789509
120.916667,50,81.016083
138.916667,50,81.039572
165.916667,50,81.061573
108.833333,50,81.087573
133.95,50,81.112579
142.333333,50,81.140747
171.25,50,81.169747
162.416667,50,81.199265
122.833333,50,81.222985
144.083333,50,81.244992
136.166667,50,81.267881
158.666667,50,81.556447
165.0,50,81.582452
156.333333,50,81.6116
106.25,50,81.642688
186.416667,50,81.672686
155.083333,50,81.706693
136.083333,50,81.735924
167.666667,50,81.761924
136.916667,50,81.787929
173.833333,50,81.818834
126.833333,50,82.070823
128.833333,50,82.09883
158.916667,50,82.134224
192.5,50,82.163259
132.083333,50,82.190242
135.416667,50,82.216374
192.416667,50,82.245508
140.25,50,82.273596
125.5,50,82.299511
198.666667,50,82.331024
149.416667,50,82.579327
58.583333,50,82.605411
159.416667,50,82.627935
151.583333,50,82.657498
73.2,50,82.687499
158.25,50,82.716502
69.75,50,82.744635
132.666667,50,82.769638
149.166667,50,82.79266
160.616667,50,82.814825
156.666667,50,83.056574
145.166667,50,83.08457
127.75,50,83.110571
149.366667,50,83.13675
160.083333,50,83.163748
133.5,50,83.187655
173.333333,50,83.211879
111.666667,50,83.236585
196.333333,50,83.260676
93.7,50,83.283587
130.5,50,83.308589
156.5,50,83.559681
137.083333,50,83.585655
147.5,50,83.60989
147.75,50,83.637324
143.333333,50,83.667312
99.666667,50,83.696311
147.75,50,83.72603
173.666667,50,83.749818
162.916667,50,83.772821
166.166667,50,83.794832
168.333333,50,84.066635
153.666667,50,84.095635
137.833333,50,84.125146
186.25,50,84.15578
188.333333,50,84.18664
138.5,50,84.215411
153.783333,50,84.244489
126.75,50,84.268492
164.083333,50,84.291492
169.0,50,84.31853
169.75,50,84.647749
171.0,50,84.677747
184.25,50,84.704763
174.166667,50,84.733265
114.583333,50,84.766081
159.666667,50,84.795086
161.916667,50,84.83183
173.75,50,84.867831
187.75,50,84.906365
175.25,50,84.941647
154.916667,50,85.288156
157.666667,50,85.315161
132.166667,50,85.342288
172.333333,50,85.369287
133.75,50,85.396708
140.75,50,85.420233
145.416667,50,85.45984
167.0,50,85.489855
128.083333,50,85.513846
176.0,50,85.545072
168.116667,50,85.826304
193.533333,50,85.854512
164.583333,50,85.87951
107.616667,50,85.910511
165.583333,50,85.93604
159.25,50,85.966805
189.583333,50,86.000812
188.25,50,86.026845
137.916667,50,86.056471
151.75,50,86.088454
180.25,50,86.113454
168.25,50,86.620169
141.166667,50,86.654382
171.783333,50,86.689385
135.166667,50,86.726389
116.033333,50,86.759584
105.583333,50,86.800592
130.666667,50,86.838571
206.083333,50,86.960716
172.75,50,87.034494
164.083333,50,87.085959
132.833333,50,87.499803
185.666667,50,87.553984
148.0,50,87.622826
192.583333,50,87.663724
172.583333,50,87.701728
172.583333,50,87.745249
187.416667,50,87.785
167.416667,50,87.820267
147.083333,50,87.857644
193.5,50,87.894641
166.333333,50,88.278538
102.083333,50,88.314234
206.666667,50,88.352249
157.916667,50,88.396276
165.5,50,88.503482
154.416667,50,88.549123
144.5,50,88.601265
178.583333,50,88.647237
161.666667,50,88.69717
155.333333,50,88.76458
171.333333,50,89.213649
169.916667,50,89.247838
177.0,50,89.280841
160.083333,50,89.314841
154.25,50,89.347359
161.583333,50,89.376032
156.75,50,89.408835
153.45,50,89.465925
156.0,50,89.507929
141.583333,50,89.550371
187.083333,50,89.596405
148.666667,50,89.975328
174.25,50,90.007336
187.166667,50,90.038866
189.333333,50,90.075841
163.333333,50,90.107841
151.833333,50,90.137849
145.75,50,90.171078
134.916667,50,90.200091
179.416667,50,90.233245
160.0,50,90.264642
165.25,50,90.816828
160.5,50,90.862137
165.25,50,90.951521
142.75,50,91.024722
173.416667,50,91.071604
176.416667,50,91.119571
166.833333,50,91.16214
187.25,50,91.208676
135.783333,50,91.245858
175.25,50,91.285585
185.583333,50,91.753729
173.166667,50,91.7984
175.25,50,91.84332
147.5,50,91.896267
183.083333,50,91.929183
178.666667,50,91.971417
184.833333,50,92.017418
173.666667,50,92.04821
163.916667,50,92.080478
184.833333,50,92.116484
186.25,50,92.471068
168.5,50,92.503069
157.75,50,92.53707
178.416667,50,92.578055
142.083333,50,92.614061
122.75,50,92.648845
142.25,50,92.691025
147.616667,50,92.733672
172.25,50,92.774121
156.916667,50,92.821421
179.0,50,92.862898
161.416667,50,93.326879
195.5,50,93.367853
166.416667,50,93.406908
159.5,50,93.481348
172.0,50,93.586737
173.916667,50,93.627267
193.666667,50,93.663945
159.25,50,93.704941
125.166667,50,93.744941
188.0,50,93.784046
88.5,50,94.131164
169.916667,50,94.168374
183.833333,50,94.199372
180.25,50,94.236622
163.083333,50,94.261825
172.916667,50,94.285836
166.583333,50,94.313834
172.083333,50,94.339854
162.75,50,94.362838
169.25,50,94.386127
163.0,50,94.628048
137.166667,50,94.655054
186.083333,50,94.677975
188.25,50,94.70301
164.666667,50,94.72597
133.5,50,94.747975
143.0,50,94.773152
161.916667,50,94.798152
186.5,50,94.824268
182.25,50,94.846879
152.166667,50,95.187196
191.666667,50,95.213124
160.416667,50,95.238637
164.666667,50,95.264912
149.333333,50,95.289601
163.583333,50,95.315603
188.083333,50,95.342601
153.333333,50,95.371271
178.0,50,95.397244
153.5,50,95.426767
175.583333,50,95.520621
188.75,50,95.855543
183.25,50,95.879764
100.75,50,95.904764
177.75,50,95.930762
167.0,50,95.96277
162.5,50,95.987839
197.75,50,96.01184
187.5,50,96.034899
187.333333,50,96.059783
177.5,50,96.083919
176.833333,50,96.393573
177.0,50,96.421381
165.0,50,96.456649
165.0,50,96.487788
160.166667,50,96.517994
197.833333,50,96.548807
177.083333,50,96.576594
153.166667,50,96.609618
149.166667,50,96.63214
171.5,50,96.655835
168.75,50,96.977112
156.833333,50,97.008894
163.583333,50,97.037708
182.166667,50,97.065782
149.583333,50,97.095402
141.333333,50,97.126364
147.0,50,97.154461
163.666667,50,97.180501
181.166667,50,97.207891
180.916667,50,97.233415
156.583333,50,97.525421
158.0,50,97.55932
180.666667,50,97.588005
157.166667,50,97.630028
183.75,50,97.661289
174.0,50,97.692387
181.333333,50,97.7228
167.45,50,97.752801
158.416667,50,97.787758
167.833333,50,97.816754
194.5,50,97.848506
164.416667,50,98.172186
136.916667,50,98.201842
150.333333,50,98.233439
170.333333,50,98.265683
168.75,50,98.2949
196.083333,50,98.324812
144.45,50,98.355546
164.833333,50,98.471628
178.666667,50,98.530704
157.833333,50,98.608762
168.616667,50,99.508818
171.666667,50,99.598445
173.666667,50,99.957464
199.0,50,100.310147
172.583333,50,100.411294
162.916667,50,100.618465
71.583333,50,100.679151
188.5,50,100.724377
178.916667,50,100.767378
200.083333,50,100.80738
191.416667,50,102.205053
169.0,50,102.269343
184.083333,50,102.31837
191.583333,50,102.370006
180.5,50,102.404135
146.666667,50,102.434134
156.283333,50,102.464137
149.0,50,102.499395
177.416667,50,102.529403
182.416667,50,102.562516
173.833333,50,103.211041
151.833333,50,103.255039
183.916667,50,103.309038
137.75,50,103.468946
171.583333,50,103.523959
144.0,50,103.570773
168.416667,50,103.631773
165.583333,50,103.694774
179.833333,50,103.742383
174.166667,50,103.78203
193.583333,50,104.087402
163.083333,50,105.633526
181.0,50,105.729047
179.166667,50,105.792478
160.166667,50,105.88083
173.916667,50,105.960077
164.166667,50,106.035026
180.833333,50,106.086739
172.583333,50,106.117252
129.5,50,106.147717
159.5,50,106.179718
198.583333,50,106.906997
169.833333,50,106.979474
175.75,50,107.108653
170.083333,50,107.169366
193.083333,50,107.229094
187.5,50,107.287418
171.583333,50,107.342385
163.25,50,107.383064
179.0,50,107.418786
165.666667,50,107.459074
166.583333,50,107.979693
162.0,50,108.031942
180.0,50,108.08268
162.0,50,108.134586
134.416667,50,108.349615
164.666667,50,108.707852
184.083333,50,108.925977
177.166667,50,108.986433
146.25,50,109.069537
176.916667,50,109.110679
181.5,50,110.433768
162.75,50,110.48615
124.333333,50,110.537233
163.5,50,110.586956
159.083333,50,110.676324
168.166667,50,110.781293
199.25,50,110.901757
176.0,50,111.055445
171.5,50,111.230917
176.583333,50,111.32053
157.25,50,113.226364
164.666667,50,113.311395
171.916667,50,113.38514
168.75,50,113.479046
199.166667,50,113.561101
166.833333,50,113.619581
159.166667,50,113.691715
182.083333,50,113.74956
188.083333,50,113.812043
91.666667,50,113.868192
171.5,50,113.932225
166.95,50,114.497437
173.75,50,114.622983
172.333333,50,114.690153
152.333333,50,114.769219
171.833333,50,114.903427
164.916667,50,114.954316
177.333333,50,115.000048
202.25,50,115.096754
174.416667,50,115.155886
156.333333,50,115.209933
163.416667,50,116.192991
182.5,50,116.611063
172.25,50,116.714544
181.833333,50,116.882674
177.583333,50,117.246216
153.416667,50,117.442945
177.416667,50,117.562266
165.583333,50,117.666898
164.833333,50,117.745357
175.166667,50,117.833005
168.5,50,118.874684
192.416667,50,119.107607
145.666667,50,119.273252
166.916667,50,119.45856
163.833333,50,119.72539
143.416667,50,119.869577
166.583333,50,119.964615
157.333333,50,120.019476
164.083333,50,120.072603
171.583333,50,120.142523
163.916667,50,121.12779
212.0,50,121.321777
163.833333,50,121.399527
164.083333,50,121.538792
164.0,50,121.630948
165.666667,50,121.721115
168.166667,50,121.808394
174.0,50,121.971627
199.166667,50,122.67747
176.333333,50,122.800934
172.833333,50,122.905042
172.25,50,123.522821
177.083333,50,123.614946
179.333333,50,123.68745
174.666667,50,123.756185
181.083333,50,123.802128
179.083333,50,123.841576
181.833333,50,123.885821
195.25,50,123.927585
182.916667,50,123.980226
152.25,50,124.025003
144.033333,50,124.737459
172.083333,50,124.914879
180.416667,50,125.019065
188.083333,50,125.268218
150.166667,50,125.525215
176.25,50,125.693325
159.5,50,125.759049
158.25,50,125.847602
163.083333,50,125.914328
179.833333,50,126.01738
169.916667,50,127.700751
169.916667,50,127.833493
167.416667,50,127.88435
192.166667,50,127.936242
192.166667,50,128.009479
164.166667,50,128.061555
167.666667,50,128.107235
179.666667,50,128.154003
167.5,50,128.19563
173.916667,50,128.241822
161.5,50,129.593275
167.333333,50,129.721403
186.583333,50,129.792154
171.833333,50,129.8749
179.083333,50,129.935287
169.333333,50,130.01866
152.666667,50,130.085696
176.416667,50,130.139101
162.5,50,130.192963
179.666667,50,130.24382
181.5,50,130.290641
187.583333,50,130.732112
168.166667,50,130.768646
179.416667,50,130.798492
137.583333,50,130.833756
182.583333,50,130.884387
161.916667,50,130.950567
169.75,50,131.018155
186.0,50,131.073505
175.0,50,131.142804
190.5,50,131.18002
157.833333,50,131.627505
168.833333,50,131.673726
157.333333,50,131.727982
174.833333,50,131.781753
183.666667,50,131.828007
161.75,50,131.87439
198.833333,50,131.918562
162.75,50,131.965554
174.5,50,132.014065
184.583333,50,132.060855
158.5,50,132.582809
181.75,50,132.610832
183.0,50,132.645178
179.5,50,132.694073
186.75,50,132.743598
170.25,50,132.782428
164.416667,50,132.823944
172.916667,50,132.867641
167.25,50,132.910892
188.416667,50,132.95552
186.333333,50,133.445238
174.666667,50,133.553619
144.416667,50,133.613056
186.25,50,133.675132
175.25,50,133.718435
179.666667,50,133.755581
161.166667,50,133.794172
191.666667,50,133.826352
193.083333,50,133.856073
176.0,50,133.888057
173.666667,50,133.921165
186.25,50,134.213619
191.166667,50,134.244751
167.166667,50,134.27448
181.833333,50,134.304034
180.166667,50,134.337215
171.916667,50,134.367863
156.666667,50,134.397852
183.833333,50,134.435796
180.833333,50,134.495845
181.083333,50,134.527576
162.916667,50,134.885678
183.916667,50,134.932175
184.916667,50,134.975558
175.583333,50,135.019737
179.916667,50,135.064405
178.5,50,135.095401
156.083333,50,135.12964
173.833333,50,135.155647
178.833333,50,135.178777
166.583333,50,135.205963
196.166667,50,135.539693
184.0,50,135.574894
164.833333,50,135.599896
179.583333,50,135.625901
175.75,50,135.649449
184.416667,50,135.678147
201.166667,50,135.702157
168.75,50,135.72847
143.333333,50,135.751493
192.5,50,135.775007
173.916667,50,136.021697
161.583333,50,136.049057
176.25,50,136.078058
150.666667,50,136.10306
161.833333,50,136.126168
174.333333,50,136.151156
181.583333,50,136.174224
175.333333,50,136.198219
179.75,50,136.224226
167.083333,50,136.247247
170.416667,50,136.27182
170.416667,50,136.636523
161.333333,50,136.664913
168.333333,50,136.694983
184.5,50,136.723207
191.166667,50,136.753207
172.166667,50,136.782406
158.833333,50,136.811769
174.75,50,136.835775
158.416667,50,136.861485
185.583333,50,136.885489
192.083333,50,137.24667
182.0,50,137.272514
159.083333,50,137.298598
182.0,50,137.329718
180.083333,50,137.355724
186.583333,50,137.383305
164.583333,50,137.412304
155.25,50,137.437577
185.083333,50,137.461311
155.0,50,137.496109
174.0,50,137.753772
180.583333,50,137.783023
171.75,50,137.807019
180.666667,50,137.837463
180.333333,50,137.866737
165.916667,50,137.894732
187.333333,50,137.916733
181.416667,50,137.939822
174.333333,50,137.963931
180.333333,50,137.987799
162.25,50,138.253968
165.166667,50,138.282868
175.5,50,138.310874
167.333333,50,138.335435
188.833333,50,138.35844
178.833333,50,138.384991
179.916667,50,138.416281
161.916667,50,138.460143
163.833333,50,138.516572
178.75,50,138.550631
169.25,50,138.583411
175.333333,50,138.869803
153.666667,50,138.903847
164.833333,50,138.932966
184.0,50,138.961971
191.25,50,138.987049
171.333333,50,139.018049
189.416667,50,139.05672
177.0,50,139.085718
167.666667,50,139.109723
191.75,50,139.135978
167.25,50,139.387328
182.583333,50,139.417303
153.833333,50,139.466413
180.0,50,139.495389
165.666667,50,139.524323
171.666667,50,139.552509
168.666667,50,139.578598
163.25,50,139.602595
187.083333,50,139.626695
185.416667,50,139.652622
179.0,50,139.909366
181.0,50,139.941755
167.333333,50,139.971272
159.583333,50,139.999032
189.583333,50,140.030031
155.083333,50,140.054639
180.833333,50,140.081645
176.416667,50,140.105648
190.583333,50,140.128716
171.583333,50,140.152491
166.5,50,140.401644
188.5,50,140.431646
162.666667,50,140.462066
171.916667,50,140.498808
184.5,50,140.534117
197.083333,50,140.571637
174.916667,50,140.60729
181.5,50,140.634276
174.333333,50,140.672713
175.75,50,140.698708
178.916667,50,140.963858
177.916667,50,140.9914
169.583333,50,141.021399
197.666667,50,141.046401
179.583333,50,141.075097
175.416667,50,141.1031
183.916667,50,141.130316
187.5,50,141.158326
164.333333,50,141.182078
167.583333,50,141.203078
174.916667,50,141.226082
185.666667,50,141.492711
155.166667,50,141.514716
190.833333,50,141.541887
158.666667,50,141.572231
171.25,50,141.599975
175.416667,50,141.628996
174.5,50,141.654919
182.75,50,141.680457
189.666667,50,141.70346
184.5,50,141.72976
174.5,50,141.997011
169.5,50,142.034011
182.416667,50,142.074497
181.666667,50,142.104496
155.333333,50,142.134593
171.833333,50,142.159602
181.583333,50,142.185354
171.5,50,142.210355
203.75,50,142.233355
181.083333,50,142.260975
173.416667,50,142.531491
190.5,50,142.559208
159.083333,50,142.590688
173.75,50,142.617681
173.5,50,142.646683
190.833333,50,142.677047
183.416667,50,142.705047
162.583333,50,142.731743
166.916667,50,142.755704
180.916667,50,142.785044
173.5,50,143.056736
176.75,50,143.085328
171.25,50,143.114349
171.25,50,143.14553
146.25,50,143.171459
183.666667,50,143.195971
165.25,50,143.223971
177.0,50,143.253226
175.833333,50,143.280426
176.416667,50,143.307545
184.0,50,143.332086
174.166667,50,143.60024
185.833333,50,143.629241
188.666667,50,143.661433
175.416667,50,143.68643
187.083333,50,143.711434
199.666667,50,143.738667
172.666667,50,143.772188
163.5,50,143.79684
188.666667,50,143.82284
157.0,50,143.845846
183.333333,50,144.176097
184.916667,50,144.207316
176.833333,50,144.237314
181.5,50,144.268978
155.0,50,144.309612
184.333333,50,144.346564
161.533333,50,144.38109
184.916667,50,144.414815
196.083333,50,144.44782
161.783333,50,144.506652
188.666667,50,144.832312
181.083333,50,144.856829
172.166667,50,144.882543
190.083333,50,144.912833
187.916667,50,144.937997
175.416667,50,144.963004
179.083333,50,144.988651
185.75,50,145.020056
184.416667,50,145.050903
165.583333,50,145.075601
170.75,50,145.324062
179.833333,50,145.352125
156.666667,50,145.385386
177.416667,50,145.419386
185.75,50,145.450392
202.7,50,145.479321
179.416667,50,145.505545
165.166667,50,145.529564
180.0,50,145.555758
181.583333,50,145.579273
178.866667,50,145.609901
